{"cameraMode":{"drawMode":0,"name":"Shaded","section":"Shading Mode"},"sceneLighting":false,"audioPlay":false,"sceneViewState":{"m_AlwaysRefresh":false,"showFog":true,"showSkybox":false,"showFlares":true,"showImageEffects":true,"showParticleSystems":true,"showVisualEffectGraphs":true,"m_FxEnabled":true},"in2DMode":false,"pivot":{"x":3.8610448837280275,"y":-0.07414406538009644,"z":163.89041137695313},"rotation":{"x":-0.14067351818084718,"y":0.04809394106268883,"z":-0.006841757800430059,"w":-0.9888635277748108},"size":8.80013656616211,"orthographic":false}