{"cameraMode":{"drawMode":0,"name":"Shaded","section":"Shading Mode"},"sceneLighting":false,"audioPlay":false,"sceneViewState":{"m_AlwaysRefresh":false,"showFog":true,"showSkybox":false,"showFlares":true,"showImageEffects":true,"showParticleSystems":true,"showVisualEffectGraphs":true,"m_FxEnabled":true},"in2DMode":false,"pivot":{"x":0.0000017881393432617188,"y":1.253296136856079,"z":0.016342580318450929},"rotation":{"x":0.08088533580303192,"y":0.025413842871785165,"z":-0.0020630040671676399,"w":0.9963972568511963},"size":2.4930975437164308,"orthographic":false}